{
    "name": "root",
    "gauges": {
        "BattleGameBehaviour.Policy.Entropy.mean": {
            "value": 0.06410028785467148,
            "min": 0.06386721134185791,
            "max": 1.5977952480316162,
            "count": 100
        },
        "BattleGameBehaviour.Policy.ExtrinsicValueEstimate.mean": {
            "value": 0.01595882885158062,
            "min": -0.1998346596956253,
            "max": 0.05966143682599068,
            "count": 100
        },
        "BattleGameBehaviour.Environment.EpisodeLength.mean": {
            "value": 3108.375,
            "min": 1811.0833333333333,
            "max": 4341.384615384615,
            "count": 100
        },
        "BattleGameBehaviour.Self-play.ELO.mean": {
            "value": 1204.7550530855206,
            "min": 1180.6840556020577,
            "max": 1204.7550530855206,
            "count": 100
        },
        "BattleGameBehaviour.Environment.CumulativeReward.mean": {
            "value": 0.07531249453313649,
            "min": -9.31041532754898,
            "max": 2.015263174660504,
            "count": 100
        },
        "BattleGameBehaviour.Policy.ExtrinsicReward.mean": {
            "value": 0.07531249453313649,
            "min": -9.31041532754898,
            "max": 2.015263174660504,
            "count": 100
        },
        "BattleGameBehaviour.Losses.ValueLoss.mean": {
            "value": 0.007843910716474056,
            "min": 0.0054156905971467495,
            "max": 0.009624889120459557,
            "count": 100
        },
        "BattleGameBehaviour.Losses.PolicyLoss.mean": {
            "value": 0.017240896821022034,
            "min": 0.013234809041023254,
            "max": 0.019511844962835312,
            "count": 100
        },
        "BattleGameBehaviour.Policy.LearningRate.mean": {
            "value": 1.5637619981134776e-06,
            "min": 1.5637619981134776e-06,
            "max": 0.000298147089779377,
            "count": 100
        },
        "BattleGameBehaviour.Policy.Epsilon.mean": {
            "value": 0.10052122920751572,
            "min": 0.10052122920751572,
            "max": 0.19938233494758606,
            "count": 100
        },
        "BattleGameBehaviour.Policy.Beta.mean": {
            "value": 3.6008914321428165e-05,
            "min": 3.6008914321428165e-05,
            "max": 0.004969179630279541,
            "count": 100
        },
        "BattleGameBehaviour.IsTraining.mean": {
            "value": 1.0,
            "min": 1.0,
            "max": 1.0,
            "count": 100
        }
    },
    "metadata": {
        "timer_format_version": "0.1.0",
        "start_time_seconds": "1593945642",
        "python_version": "3.7.7 (tags/v3.7.7:d7c567b08f, Mar 10 2020, 10:41:24) [MSC v.1900 64 bit (AMD64)]",
        "command_line_arguments": "C:\\Users\\aitor\\Envs\\mlagents\\Scripts\\mlagents-learn config/BattleGame.yaml --run-id bt_03",
        "mlagents_version": "0.17.0",
        "mlagents_envs_version": "0.17.0",
        "communication_protocol_version": "1.0.0",
        "tensorflow_version": "2.0.0",
        "end_time_seconds": "1593955303"
    },
    "total": 9660.6159342,
    "count": 1,
    "self": 0.40160519999881217,
    "children": {
        "run_training.setup": {
            "total": 0.007141900000000145,
            "count": 1,
            "self": 0.007141900000000145
        },
        "TrainerController.start_learning": {
            "total": 9660.2071871,
            "count": 1,
            "self": 493.09425690005446,
            "children": {
                "TrainerController._reset_env": {
                    "total": 6.320256400000664,
                    "count": 20,
                    "self": 6.320256400000664
                },
                "TrainerController.advance": {
                    "total": 9160.145889199945,
                    "count": 834466,
                    "self": 10.891315899734764,
                    "children": {
                        "env_step": {
                            "total": 9149.25457330021,
                            "count": 834466,
                            "self": 7331.285119300619,
                            "children": {
                                "SubprocessEnvManager._take_step": {
                                    "total": 1806.0467417994253,
                                    "count": 834466,
                                    "self": 60.3306194988877,
                                    "children": {
                                        "NNPolicy.evaluate": {
                                            "total": 1745.7161223005376,
                                            "count": 1668932,
                                            "self": 1745.7161223005376
                                        }
                                    }
                                },
                                "workers": {
                                    "total": 11.922712200165861,
                                    "count": 834466,
                                    "self": 0.0,
                                    "children": {
                                        "worker_root": {
                                            "total": 9624.413066600033,
                                            "count": 834466,
                                            "is_parallel": true,
                                            "self": 4160.24961810038,
                                            "children": {
                                                "steps_from_proto": {
                                                    "total": 0.024476399999849185,
                                                    "count": 40,
                                                    "is_parallel": true,
                                                    "self": 0.006068999999157221,
                                                    "children": {
                                                        "_process_vector_observation": {
                                                            "total": 0.018407400000691965,
                                                            "count": 80,
                                                            "is_parallel": true,
                                                            "self": 0.018407400000691965
                                                        }
                                                    }
                                                },
                                                "UnityEnvironment.step": {
                                                    "total": 5464.138972099653,
                                                    "count": 834466,
                                                    "is_parallel": true,
                                                    "self": 213.8251347000778,
                                                    "children": {
                                                        "UnityEnvironment._generate_step_input": {
                                                            "total": 137.32349000050345,
                                                            "count": 834466,
                                                            "is_parallel": true,
                                                            "self": 137.32349000050345
                                                        },
                                                        "communicator.exchange": {
                                                            "total": 4054.5739507996204,
                                                            "count": 834466,
                                                            "is_parallel": true,
                                                            "self": 4054.5739507996204
                                                        },