{
    "name": "root",
    "gauges": {
        "SimplePlayerBehaviour.Policy.Entropy.mean": {
            "value": 0.336180716753006,
            "min": 0.28725096583366394,
            "max": 1.670219898223877,
            "count": 41
        },
        "SimplePlayerBehaviour.Environment.EpisodeLength.mean": {
            "value": 717.3333333333334,
            "min": 131.03296703296704,
            "max": 1663.375,
            "count": 41
        },
        "SimplePlayerBehaviour.Policy.ExtrinsicValueEstimate.mean": {
            "value": 5.155254364013672,
            "min": 1.042374849319458,
            "max": 5.155254364013672,
            "count": 41
        },
        "SimplePlayerBehaviour.Environment.CumulativeReward.mean": {
            "value": 37.46923017501831,
            "min": -36.36111039055719,
            "max": 75.96363282203674,
            "count": 41
        },
        "SimplePlayerBehaviour.Policy.ExtrinsicReward.mean": {
            "value": 37.46923017501831,
            "min": -36.36111039055719,
            "max": 75.96363282203674,
            "count": 41
        },
        "SimplePlayerBehaviour.Losses.ValueLoss.mean": {
            "value": 0.13852448761463165,
            "min": 0.06703140586614609,
            "max": 0.15964122116565704,
            "count": 41
        },
        "SimplePlayerBehaviour.Losses.PolicyLoss.mean": {
            "value": -5.197546005249023,
            "min": -5.197546005249023,
            "max": -1.1165531873703003,
            "count": 41
        },
        "SimplePlayerBehaviour.Losses.Q1Loss.mean": {
            "value": 0.06829129904508591,
            "min": 0.03352632373571396,
            "max": 0.07845733314752579,
            "count": 41
        },
        "SimplePlayerBehaviour.Losses.Q2Loss.mean": {
            "value": 0.06801798939704895,
            "min": 0.03256860747933388,
            "max": 0.07824185490608215,
            "count": 41
        },
        "SimplePlayerBehaviour.Policy.EntropyCoeff.mean": {
            "value": 0.061288587749004364,
            "min": 0.04954646900296211,
            "max": 0.4246183931827545,
            "count": 41
        },
        "SimplePlayerBehaviour.Policy.LearningRate.mean": {
            "value": 0.00029999998514540493,
            "min": 0.0002999999560415745,
            "max": 0.0003000000142492354,
            "count": 41
        },
        "SimplePlayerBehaviour.IsTraining.mean": {
            "value": 1.0,
            "min": 1.0,
            "max": 1.0,
            "count": 41
        }
    },
    "metadata": {
        "timer_format_version": "0.1.0",
        "start_time_seconds": "1591122848",
        "python_version": "3.7.7 (tags/v3.7.7:d7c567b08f, Mar 10 2020, 10:41:24) [MSC v.1900 64 bit (AMD64)]",
        "command_line_arguments": "C:\\Users\\aitor\\Envs\\mlagents\\Scripts\\mlagents-learn config/simple_player_config.yaml --run-id simpleplayer --train",
        "mlagents_version": "0.17.0.dev0",
        "mlagents_envs_version": "0.17.0.dev0",
        "communication_protocol_version": "1.0.0",
        "tensorflow_version": "2.0.0",
        "end_time_seconds": "1591123745"
    },
    "total": 897.190198,
    "count": 1,
    "self": 0.5271764000000303,
    "children": {
        "run_training.setup": {
            "total": 0.03799539999999979,
            "count": 1,
            "self": 0.03799539999999979
        },
        "TrainerController.start_learning": {
            "total": 896.6250262,
            "count": 1,
            "self": 28.516097799998192,
            "children": {
                "TrainerController._reset_env": {
                    "total": 2.3271067,
                    "count": 1,
                    "self": 2.3271067
                },
                "TrainerController.advance": {
                    "total": 864.9586203000018,
                    "count": 63766,
                    "self": 0.8405292000111331,
                    "children": {
                        "env_step": {
                            "total": 864.1180910999907,
                            "count": 63766,
                            "self": 808.0515607999951,
                            "children": {
                                "SubprocessEnvManager._take_step": {
                                    "total": 55.19721640000115,
                                    "count": 63766,
                                    "self": 2.311967100007074,
                                    "children": {
                                        "NNPolicy.evaluate": {
                                            "total": 52.88524929999408,
                                            "count": 62825,
                                            "self": 52.88524929999408
                                        }
                                    }
                                },
                                "workers": {
                                    "total": 0.8693138999944967,
                                    "count": 63766,
                                    "self": 0.0,
                                    "children": {
                                        "worker_root": {
                                            "total": 892.0477914000064,
                                            "count": 63766,
                                            "is_parallel": true,
                                            "self": 206.4901788000136,
                                            "children": {
                                                "steps_from_proto": {
                                                    "total": 0.008829099999999812,
                                                    "count": 1,
                                                    "is_parallel": true,
                                                    "self": 0.0035746999999997087,
                                                    "children": {
                                                        "_process_vector_observation": {
                                                            "total": 0.005254400000000103,
                                                            "count": 2,
                                                            "is_parallel": true,
                                                            "self": 0.005254400000000103
                                                        }
                                                    }
                                                },
                                                "UnityEnvironment.step": {
                                                    "total": 685.5487834999929,
                                                    "count": 63766,
                                                    "is_parallel": true,
                                                    "self": 6.811017499981858,
                                                    "children": {
                                                        "UnityEnvironment._generate_step_input": {
                                                            "total": 8.330945900002641,
                                                            "count": 63766,
                                                            "is_parallel": true,
                                                            "self": 8.330945900002641
                                                        },
                                                        "communicator.exchange": {
                                                            "total": 651.4330109000122,
                                                            "count": 63766,
                                                            "is_parallel": true,
                                                            "self": 651.4330109000122
                                                        },